{ "Show tables list":{"name":"Show tables list","sql":"SHOW TABLES"}
, "Show processes list":{"name":"Show processes list","sql":"SHOW PROCESSLIST"}
, "Show tables status":{"name":"Show tables status","sql":"SHOW TABLE STATUS"}
, "Show table structure":{"name":"Show table structure","sql":"DESC {{Table name}}"}
, "Show CREATE TABLE statement":{"name":"Show CREATE TABLE statement","sql":"SHOW CREATE TABLE {{Table name}}"}
, "Show FK to the table":{"name":"Show FK to the table","sql":"select TABLE_NAME,COLUMN_NAME,CONSTRAINT_NAME, REFERENCED_TABLE_NAME,REFERENCED_COLUMN_NAME from INFORMATION_SCHEMA.KEY_COLUMN_USAGE where REFERENCED_TABLE_NAME = '{{Table name}}'"}
}