{"hghg":{"name":"hghg","sql":"SELECT * FROM user;"},"ssss":{"name":"ssss","sql":"SELECT * FROM user;"},"trt":{"name":"trt","sql":"SELECT * FROM user;"},"23":{"name":"23","sql":"SELECT * FROM user;","rowid":"37693cfc748049e45d87b8c7d8b9aacd"},"12":{"name":"12","sql":"SELECT * FROM user;"},"new":{"name":"new","sql":"SELECT * FROM user;"},"aa":{"name":"aa","sql":"SHOW TABLES LIKE '{{table name}}'"},"test1":{"name":"test1","sql":"SHOW TABLES LIKE '{{table name}}'"},"as":{"name":"as","sql":"SHOW TABLES LIKE '{{table name}}' AND '{{aaa}}'"},"aaad":{"name":"aaad","sql":"SHOW TABLES LIKE '{{p1}}' AND '{{p2}}'"}}